,SMILES,log CMC,traintest,pred,type,err,Molecules,Molecule name,Molecule weight,Average temperature,CMC (M),Convertable,Component 1,Component 2,Component 3
0,CCCCCCCCC(O)CO,3.361727836,train,3.284244,nonionic,0.0060037354631995,<rdkit.Chem.rdchem.Mol object at 0x000001633A6CC6D0>,,,,,,-0.6649377409324794,-0.10041860346626072,-0.1380571666430989
1,CCCCCCCCC(O)CCO,3.361727836,train,3.2403183,nonionic,0.0147402758348529,<rdkit.Chem.rdchem.Mol object at 0x000001633A6CC7B0>,,,,,,-0.6614604899630603,-0.10095150861961356,-0.1361190503009722
2,CCCCCCCCCCCCC(O)CCO,1.113943352,train,1.1944386,nonionic,0.0064794811992303,<rdkit.Chem.rdchem.Mol object at 0x000001633A6CDE00>,,,,,,-0.6371438049667181,-0.0957522743506671,-0.1388018690647041
3,CCCCCCCCOCCO,3.69019608,train,3.6691136,nonionic,0.0004444694443028,<rdkit.Chem.rdchem.Mol object at 0x000001633A6CC4A0>,,,,,,-0.6456766724588169,-0.09387926643662518,-0.11132399466059933
4,CCCCCCCCOCCOCCOCCO,3.875061263,train,3.8572426,nonionic,0.0003175053131613,<rdkit.Chem.rdchem.Mol object at 0x000001633A6CF680>,,,,,,-0.656497378324164,-0.09707321156740582,-0.11737398520828923
5,CCCCCCCCOCCOCCOCCOCCOCCO,3.963787827,train,3.953247,nonionic,0.000111107551545,<rdkit.Chem.rdchem.Mol object at 0x000001633A6CD620>,,,,,,-0.6573128949909749,-0.09573359477213378,-0.11504547599647051
6,CCCCCCCCOCCOCCOCCOCCOCCOCCO,3.995635195,train,3.9586515,nonionic,0.0013677905401416,<rdkit.Chem.rdchem.Mol object at 0x000001633A6CD000>,,,,,,-0.6538215663972446,-0.0932823190732483,-0.11058726234301644
7,CCCCCCCCCCOCCOCCOCCOCCO,2.8325089130000003,train,2.697473,nonionic,0.0182346845219838,<rdkit.Chem.rdchem.Mol object at 0x000001633A6CD310>,,,,,,-0.662807774200161,-0.10231705464748002,-0.13482586906887414
8,CCCCCCCCCCOCCOCCOCCOCCOCCO,2.880813592,test,2.8376794,nonionic,0.0018605597152663,<rdkit.Chem.rdchem.Mol object at 0x000001633A6CCC80>,,,,,,-0.6621594643940251,-0.10113391093167563,-0.13284614999463593
9,CCCCCCCCCCOCCOCCOCCOCCOCCOCCO,2.954242509,train,2.9921823,nonionic,0.0014394243107054,<rdkit.Chem.rdchem.Mol object at 0x000001633A6CCEB0>,,,,,,-0.6588476023418041,-0.09872221803473785,-0.12850256309043315
10,CCCCCCCCCCOCCOCCOCCOCCOCCOCCOCCOCCO,3.0,train,2.9464297,nonionic,0.0028697738855498,<rdkit.Chem.rdchem.Mol object at 0x000001633A6CF760>,,,,,,-0.6453126766954611,-0.09071679108163634,-0.11407702383892737
11,CCCCCCCCCCCOCCOCCOCCOCCOCCOCCOCCOCCO,2.477121255,train,2.4155352,nonionic,0.0037928407462104,<rdkit.Chem.rdchem.Mol object at 0x000001633A6CF840>,,,,,,-0.6429459949762586,-0.09107176837791392,-0.11874890315570508
12,CCCCCCCCCCCCOCCOCCO,1.51851394,train,1.5692351,nonionic,0.0025726346962934,<rdkit.Chem.rdchem.Mol object at 0x000001633A6CC270>,,,,,,-0.6452331058924454,-0.09895744628617409,-0.13454052094944255
13,CCCCCCCCCCCCOCCOCCOCCO,1.716003344,train,1.6006217,nonionic,0.0133129237059447,<rdkit.Chem.rdchem.Mol object at 0x000001633A6CEF80>,,,,,,-0.6500948743479217,-0.1003343151110775,-0.13777135044480934
14,CCCCCCCCCCCCOCCOCCOCCOCCO,1.806179974,test,1.6461127,nonionic,0.025621538469166,<rdkit.Chem.rdchem.Mol object at 0x000001633A6CDE70>,,,,,,-0.652498414873625,-0.10055118925365189,-0.13876951403561394
15,CCCCCCCCCCCCOCCOCCOCCOCCOCCO,1.806179974,train,1.7074666,nonionic,0.0097443297473599,<rdkit.Chem.rdchem.Mol object at 0x000001633A6CFCA0>,,,,,,-0.652376953067391,-0.0995836661063975,-0.13746715128329068
16,CCCCCCCCCCCCOCCOCCOCCOCCOCCOCCOCCO,1.913813852,train,1.911649,nonionic,4.686633004834184e-06,<rdkit.Chem.rdchem.Mol object at 0x000001633A6CD850>,,,,,,-0.6446664694058435,-0.09417147807232962,-0.1281528440177864
17,CCCCCCCCCCCCOCCOCCOCCOCCOCCOCCOCCOCCO,2.0374264980000003,train,1.9000925,nonionic,0.0188606317949973,<rdkit.Chem.rdchem.Mol object at 0x000001633A6CC740>,,,,,,-0.6373318102644224,-0.08985827978532232,-0.12049444463137088
18,CCCCCCCCCCCCCOCCOCCOCCOCCOCCO,1.69019608,train,1.0863496,nonionic,0.3646305635415062,<rdkit.Chem.rdchem.Mol object at 0x000001633A6CE260>,,,,,,-0.6422311540692638,-0.09626049235804103,-0.1347389976627968
19,CCCCCCCCCCCCCOCCOCCOCCOCCOCCOCCOCCOCCO,1.431363764,train,1.3871768,nonionic,0.0019524920214943,<rdkit.Chem.rdchem.Mol object at 0x000001633A6CE960>,,,,,,-0.6286081939206958,-0.087123700841809,-0.11935376543872424
20,CCCCCCCCCCCCCCOCCOCCOCCOCCOCCOCCO,1.0,train,0.64704585,nonionic,0.1245766314701199,<rdkit.Chem.rdchem.Mol object at 0x000001633A6CE730>,,,,,,-0.6274053161525587,-0.08972005096842664,-0.12674016359479068
21,CCCCCCCCCCCCCCOCCOCCOCCOCCOCCOCCOCCOCCO,0.954242509,train,0.926645,nonionic,0.0007616235568196,<rdkit.Chem.rdchem.Mol object at 0x000001633A6CE180>,,,,,,-0.6172367800759552,-0.08306750644870117,-0.11581534037995508
22,CCCCCCCCCCCCCCCOCCOCCOCCOCCOCCOCCOCCOCCO,0.544068044,train,0.5070922,nonionic,0.0013672146762197,<rdkit.Chem.rdchem.Mol object at 0x000001633A6CDA10>,,,,,,-0.6036146165473966,-0.07786804365369823,-0.11032240546081624
23,CCCCCCCCCCCCCCCCOCCOCCOCCOCCOCCOCCO,0.220108088,train,0.047548473,nonionic,0.0297768207699079,<rdkit.Chem.rdchem.Mol object at 0x000001633A6CEC70>,,,,,,-0.5961654713290911,-0.07744509681302811,-0.11186403320174496
24,CCCCCCCCCCCCCCCCOCCOCCOCCOCCOCCOCCOCCO,0.230448921,train,0.113765955,nonionic,0.0136149145612516,<rdkit.Chem.rdchem.Mol object at 0x000001633A6CCF90>,,,,,,-0.5930341081206795,-0.07499804160520684,-0.10833686177479666
25,CCCCCCCCCCCCCCCCOCCOCCOCCOCCOCCOCCOCCOCCOCCO,0.322219295,train,0.36898327,nonionic,0.0021868692397489,<rdkit.Chem.rdchem.Mol object at 0x000001633A6CE880>,,,,,,-0.5813689225908676,-0.06752924565751067,-0.09672593816275138
26,CCCCCCCCCCCCCCCCOCCOCCOCCOCCOCCOCCOCCOCCOCCOCCOCCOCCO,0.361727836,test,0.4445942,nonionic,0.0068668350160823,<rdkit.Chem.rdchem.Mol object at 0x000001633A6CE0A0>,,,,,,-0.5540417283274276,-0.051449696813135125,-0.07203592724513012
27,CCCCCCCCCCCCCCCCOCCOCCOCCOCCOCCOCCOCCOCCOCCOCCOCCOCCOCCOCCOCCO,0.4913616939999999,train,0.47900456,nonionic,0.0001526987137098,<rdkit.Chem.rdchem.Mol object at 0x000001633A6CC3C0>,,,,,,-0.5197903850021295,-0.03159978077582939,-0.04387502064092195
28,CCCCCCCCCCCCCCCCOCCOCCOCCOCCOCCOCCOCCOCCOCCOCCOCCOCCOCCOCCOCCOCCOCCOCCOCCOCCOCCO,0.5910646070000001,train,0.54269004,nonionic,0.0023400988600466,<rdkit.Chem.rdchem.Mol object at 0x000001633A6CE570>,,,,,,-0.44301925228165945,0.014183769069273546,0.011293037350395989
29,CCCCCCCCCCCC(=O)N(CCO)CCO,2.421603927,train,2.2256155,nonionic,0.0384114629676738,<rdkit.Chem.rdchem.Mol object at 0x000001633A6CF4C0>,,,,,,-0.6657829486463765,-0.10276985281341587,-0.14641297691736938
30,OCCOCCOCCSCCC(F)(F)C(F)(F)C(F)(F)C(F)(F)C(F)(F)C(F)(F)F,3.397940009,train,3.5434766,nonionic,0.0211808939564377,<rdkit.Chem.rdchem.Mol object at 0x000001633A6CCDD0>,,,,,,-0.44072420928296724,0.023959423982291308,0.03707618906293321
31,OCCOCCOCCOCCSCCC(F)(F)C(F)(F)C(F)(F)C(F)(F)C(F)(F)C(F)(F)F,3.4471580310000003,test,3.619286,nonionic,0.0296280584821487,<rdkit.Chem.rdchem.Mol object at 0x000001633A6CF5A0>,,,,,,-0.4391486818254178,0.025729652737641783,0.03900891374379741
32,OCCOCCOCCOCCOCCOCCSCCC(F)(F)C(F)(F)C(F)(F)C(F)(F)C(F)(F)C(F)(F)F,3.568201724,train,3.7408032,nonionic,0.0297912839226085,<rdkit.Chem.rdchem.Mol object at 0x000001633A6CF1B0>,,,,,,-0.4333507510860753,0.03036137298741247,0.04363729911444135
33,OCCOCCOCCOCCOCCOCCOCCOCCSCCC(F)(F)C(F)(F)C(F)(F)C(F)(F)C(F)(F)C(F)(F)F,3.681241237,train,3.816081,nonionic,0.0181817743765059,<rdkit.Chem.rdchem.Mol object at 0x000001633A6CD930>,,,,,,-0.4244558471353518,0.036387013381620786,0.049216030050122685
34,CCCCCCNC(=O)C(O)C(O)C(OC1OC(CO)C(O)C(O)C1O)C(O)CO,4.919078092,train,4.7453995,nonionic,0.0301642619691108,<rdkit.Chem.rdchem.Mol object at 0x000001633A6CC820>,,,,,,-0.6130619205895158,-0.05763375934156128,-0.08491040645816442
35,CC(C)(C)CC(C)(C)c1ccc(OCCOCCOCCOCCOCCOCCOCCOCCOCCOCCO)cc1,2.51851394,train,2.4833918,nonionic,0.0012335674029325,<rdkit.Chem.rdchem.Mol object at 0x000001633A6CC430>,,,,,,-0.1381206327155629,0.39630629448995597,1.26757751714782
36,CC(C)(C)CC(C)(C)c1ccc(OCCOCCO)cc1,2.113943352,train,2.1042469,nonionic,9.40220582966499e-05,<rdkit.Chem.rdchem.Mol object at 0x000001633A6CE3B0>,,,,,,-0.13721722556370808,0.39188340442615993,1.2645708811185563
37,CC(C)(C)CC(C)(C)c1ccc(OCCOCCOCCO)cc1,1.986771734,train,2.1030426,nonionic,0.0135189148708279,<rdkit.Chem.rdchem.Mol object at 0x000001633A6CEF10>,,,,,,-0.138315222152077,0.39427068627931555,1.2813917117346703
38,CC(C)(C)CC(C)(C)c1ccc(OCCOCCOCCOCCO)cc1,2.113943352,train,2.1523724,nonionic,0.0014767886735023,<rdkit.Chem.rdchem.Mol object at 0x000001633A6CFC30>,,,,,,-0.139133097171366,0.39613935267368083,1.2935644790561691
39,CC(C)(C)CC(C)(C)c1ccc(OCCOCCOCCOCCOCCO)cc1,2.176091259,train,2.2032099,nonionic,0.0007354194429979,<rdkit.Chem.rdchem.Mol object at 0x000001633A6CFAE0>,,,,,,-0.13966917174730986,0.39748577348983666,1.3010409137353582
40,CC(C)(C)CC(C)(C)c1ccc(OCCOCCOCCOCCOCCOCCO)cc1,2.322219295,train,2.2456942,nonionic,0.0058560962161468,<rdkit.Chem.rdchem.Mol object at 0x000001633A6CF6F0>,,,,,,-0.1399225767752679,0.39830701285786174,1.3037910708962648
41,CC(C)(C)CC(C)(C)c1ccc(OCCOCCOCCOCCOCCOCCOCCO)cc1,2.397940009,train,2.3323913,nonionic,0.0042966382261326,<rdkit.Chem.rdchem.Mol object at 0x000001633A6CD380>,,,,,,-0.13989326022770177,0.3986008399632841,1.301803484397706
42,CC(C)(C)CC(C)(C)c1ccc(OCCOCCOCCOCCOCCOCCOCCOCCO)cc1,2.447158031,train,2.4087071,nonionic,0.0014784708744091,<rdkit.Chem.rdchem.Mol object at 0x000001633A6CE500>,,,,,,-0.1395819849606176,0.39836573750589876,1.2950852302619384
43,CC(C)(C)CC(C)(C)c1ccc(OCCOCCOCCOCCOCCOCCOCCOCCOCCO)cc1,2.477121255,test,2.4474244,nonionic,0.0008819024976085,<rdkit.Chem.rdchem.Mol object at 0x000001633A6CCB30>,,,,,,-0.1389903233172189,0.397600911734091,1.2836619170302244
44,CCCCCCCCC=CCCCCCCCC(=O)OC1(OC2(CO)OC(CO)C(O)C2O)OC(CO)C(O)C(O)C1O,0.7075701759999999,train,0.6024876,nonionic,0.0110423427996562,<rdkit.Chem.rdchem.Mol object at 0x000001633A6CF7D0>,,,,,,-0.4409651565882144,0.027171571330349687,0.03856056431188156
45,CCCCCCCCCC(=O)CC(=O)NC1CCOC1=O,1.986771734,train,1.9484068,nonionic,0.0014718669692964,<rdkit.Chem.rdchem.Mol object at 0x000001633A6CECE0>,,,,,,-0.4391152360330267,0.022035044629886882,0.0782784041034069
46,CCCCCC(=O)CC(=O)NC1CCOC1=O,3.336459734,train,3.279521,nonionic,0.0032420207431728,<rdkit.Chem.rdchem.Mol object at 0x000001633A6CEEA0>,,,,,,-0.42522054814321203,0.03473800498832111,0.10309183053413727
47,CCCCCCCCCCCC(=O)NC1CCOC1=O,0.602059991,train,0.59021795,nonionic,0.0001402339833635,<rdkit.Chem.rdchem.Mol object at 0x000001633A6CC970>,,,,,,-0.4941821225896908,-0.013399428555240848,0.029258935916768817
48,CCCCCCCCCCCCCCCC(=O)NC1CCOC1=O,-0.795880017,train,-1.0323375,nonionic,0.0559121631856306,<rdkit.Chem.rdchem.Mol object at 0x000001633A6CDD90>,,,,,,-0.47447088446131497,-0.00909002929263252,0.01940764484029642
49,CCCCCCCCOCC(O)CO,3.763427994,train,3.7424865,nonionic,0.0004385471385252,<rdkit.Chem.rdchem.Mol object at 0x000001633A6CDF50>,,,,,,-0.6649652792432517,-0.09933822101555587,-0.13607931046457575
50,CCCCCCCCOC1OC(CO)C(O)C(O)C1O,4.397940009,train,4.182318,nonionic,0.0464927599444711,<rdkit.Chem.rdchem.Mol object at 0x000001633A6CD230>,,,,,,-0.6745495280674277,-0.1005351620458823,-0.140688778182485
51,CCCCOCC(O)C(O)C(O)CO,4.763427994,train,4.5831633,nonionic,0.0324953738144555,<rdkit.Chem.rdchem.Mol object at 0x000001633A6CEB20>,,,,,,-0.6194528738936383,-0.0652545832331778,-0.06893769926746786
52,CCCCCCCCCC(=O)OCC(O)C(O)C(O)CO,3.255272505,train,3.188056,nonionic,0.0045180596028781,<rdkit.Chem.rdchem.Mol object at 0x000001633A6CC890>,,,,,,-0.627639458228631,-0.07215650336142516,-0.095291119817561
53,CCCCCCC(=O)OCC(O)C(O)C(O)CO,4.0,train,4.112757,nonionic,0.0127141874966127,<rdkit.Chem.rdchem.Mol object at 0x000001633A6CFA00>,,,,,,-0.607577710563428,-0.05820467885941055,-0.061895299964783795
54,CCCCCCCOCC(O)C(O)C(O)CO,3.963787827,test,3.9240732,nonionic,0.0015772500648191,<rdkit.Chem.rdchem.Mol object at 0x000001633A6CEDC0>,,,,,,-0.65612529522261,-0.08841611049611788,-0.13282231108485348
55,CCCCCC(=O)OCC(O)C(O)C(O)CO,4.763427994,train,4.6680546,nonionic,0.0090960879666906,<rdkit.Chem.rdchem.Mol object at 0x000001633A6CF450>,,,,,,-0.5957211944852825,-0.05123115199001655,-0.04731916938585976
56,CCCCCCOCC(O)C(O)C(O)CO,3.973127854,train,3.817071,nonionic,0.0243537538532706,<rdkit.Chem.rdchem.Mol object at 0x000001633A6CD1C0>,,,,,,-0.6464122851338043,-0.08239349116312218,-0.1179124106969217
57,CCCCCCCCC(=O)OCC(O)C(O)C(O)CO,3.643452676,test,3.7066336,nonionic,0.0039918250899142,<rdkit.Chem.rdchem.Mol object at 0x000001633A6CC9E0>,,,,,,-0.6238340126414955,-0.06880392032300038,-0.08629033384730998
58,CCCCCCCCCOCC(O)C(O)C(O)CO,3.322219295,train,3.3658113,nonionic,0.0019002670813917,<rdkit.Chem.rdchem.Mol object at 0x000001633A6CCD60>,,,,,,-0.664182431954429,-0.09532044153498334,-0.15268012386296612
59,CCCCCCCC(=O)OCC(O)C(O)C(O)CO,4.255272505,train,3.9471827,nonionic,0.094919355466927,<rdkit.Chem.rdchem.Mol object at 0x000001633A6CD700>,,,,,,-0.6170572917255103,-0.06411192742447734,-0.07503109347648826
60,CCCCCCCCOCC(O)C(O)C(O)CO,3.826074803,train,3.838194,nonionic,0.0001468723529139,<rdkit.Chem.rdchem.Mol object at 0x000001633A6CE7A0>,,,,,,-0.6620486996001141,-0.09273599694969804,-0.14446321579691185
61,CCCCC(=O)OCC(O)C(O)C(O)CO,5.079181246,train,5.3023543,nonionic,0.0498062280041444,<rdkit.Chem.rdchem.Mol object at 0x000001633A6CD7E0>,,,,,,-0.5816859149121446,-0.04237688567948868,-0.024887716816026036
62,CCCCCOCC(O)C(O)C(O)CO,4.579783597,train,4.426637,nonionic,0.0234538272761895,<rdkit.Chem.rdchem.Mol object at 0x000001633A6CFF40>,,,,,,-0.6333911208109939,-0.07490266146915166,-0.10047872453520153
63,CCCCSCC(O)C(O)C(O)CO,5.255272505,train,5.1625586,nonionic,0.0085958764127843,<rdkit.Chem.rdchem.Mol object at 0x000001633A6CF530>,,,,,,-0.6350839080188315,-0.07556325628986782,-0.09620734477632738
64,CCCCCSCC(O)C(O)C(O)CO,4.662757832,train,4.675654,nonionic,0.0001663094591426,<rdkit.Chem.rdchem.Mol object at 0x000001633A6CC2E0>,,,,,,-0.6467699911498752,-0.08322800559364875,-0.1186757190362843
65,CCCCCC(CCCC)OC1OC(CO)C(O)C(O)C1O,4.176091259,train,4.2541385,nonionic,0.0060913670974328,<rdkit.Chem.rdchem.Mol object at 0x000001633A6CDFC0>,,,,,,-0.6523155469404956,-0.07930275051403064,-0.03645455678117556
66,CCCCCCCC(CC)OC1OC(CO)C(O)C(O)C1O,3.929418926,train,3.9631906,nonionic,0.0011405229639827,<rdkit.Chem.rdchem.Mol object at 0x000001633A6CC120>,,,,,,-0.6301596462836343,-0.06322646138292999,0.029889459317437
67,CCCCCCCCC(C)OC1OC(CO)C(O)C(O)C1O,3.653212514,train,3.4748392,nonionic,0.0318170353978449,<rdkit.Chem.rdchem.Mol object at 0x000001633A6CED50>,,,,,,-0.6602417267830984,-0.08483554691960594,-0.05151976846596953
68,CCCCCCC(CCC)OC1OC(CO)C(O)C(O)C1O,4.079181246,test,4.2755446,nonionic,0.0385585838392948,<rdkit.Chem.rdchem.Mol object at 0x000001633A6CCBA0>,,,,,,-0.6500937433630715,-0.07758790732627913,-0.028718196003454405
69,CCCCCCCCCCCC(=O)OCC1OC(OC2C(CO)OC(O)C(O)C2O)C(O)C(O)C1O,2.51851394,train,2.530078,nonionic,0.0001337259633641,<rdkit.Chem.rdchem.Mol object at 0x000001633A6CF3E0>,,,,,,-0.6228141774097512,-0.06907858717458415,-0.09727664315262134
70,CCCCCCCC(CCCCCC)SCCC(=O)OCC1(O)C(O)C(O)C(O)C1O,0.7993405490000001,train,0.7082222,nonionic,0.0083025516279017,<rdkit.Chem.rdchem.Mol object at 0x000001633A6CCE40>,,,,,,-0.5801705711442501,-0.047698269905167234,0.01687497266987445
71,CCCCCCCCCC(=O)N(C)CC(O)C(O)C(O)C(O)CO,3.826074803,train,3.606759,nonionic,0.0480993901491319,<rdkit.Chem.rdchem.Mol object at 0x000001633A6CFD10>,,,,,,-0.6598812537185065,-0.08926992991302353,-0.14362146436583995
72,CCCCCCCCC(=O)N(C)CC(O)C(O)C(O)C(O)CO,4.322219295,test,4.084682,nonionic,0.0564239723296656,<rdkit.Chem.rdchem.Mol object at 0x000001633A6CEC00>,,,,,,-0.6549189362509493,-0.08544322560848445,-0.132846997666713
73,CCCCCCCC(=O)N(C)CC(O)C(O)C(O)C(O)CO,4.838849091,train,4.714496,nonionic,0.0154636574889414,<rdkit.Chem.rdchem.Mol object at 0x000001633A6CDBD0>,,,,,,-0.6462379263607718,-0.07995126008695819,-0.11885864371337117
74,CCCCCCCCCCCC(=O)OCC1OC(OCC2OC(OC3(CO)OC(CO)C(O)C3O)C(O)C(O)C2O)C(O)C(O)C1O,2.977723605,train,2.9766302,nonionic,1.195510709381203e-06,<rdkit.Chem.rdchem.Mol object at 0x000001633A6CEE30>,,,,,,-0.5848878278294228,-0.045709086868318406,-0.06959924311986326
75,CCCCCCCCCCCC(=O)OCC1OC(OCC2OC(OCC3OC(OC4(CO)OC(CO)C(O)C4O)C(O)C(O)C3O)C(O)C(O)C2O)C(O)C(O)C1O,3.361727836,train,3.2954545,nonionic,0.0043921547854636,<rdkit.Chem.rdchem.Mol object at 0x000001633A6CE1F0>,,,,,,-0.5228791059864725,-0.009385866880985656,-0.030902680326469954
76,CCCCCCCCCCCC(=O)OCC1OC(OC2(CO)OC(CO)C(O)C2O)C(O)C(O)C1O,2.662757832,train,2.5583057,nonionic,0.0109102394487135,<rdkit.Chem.rdchem.Mol object at 0x000001633A6CEA40>,,,,,,-0.621946540197842,-0.06957643077361571,-0.09072524889745791
77,CCCCCCCCCCSCC(O)C(O)C(O)CO,2.602059991,train,2.5531292,nonionic,0.0023942226829899,<rdkit.Chem.rdchem.Mol object at 0x000001633A6CF0D0>,,,,,,-0.6554410733425386,-0.09514781580434784,-0.15700279204823095
78,CCCCCCCCCCSC1OC(=O)C(O)C1O,1.51851394,train,1.4228421,nonionic,0.0091530923650037,<rdkit.Chem.rdchem.Mol object at 0x000001633A73C2E0>,,,,,,-0.5709837687060182,-0.05428283736239906,-0.03569775853636497
79,CCCCCCSCC(O)C(O)C(O)CO,4.079181246,train,4.0485787,nonionic,0.0009365134245091,<rdkit.Chem.rdchem.Mol object at 0x000001633A73DC40>,,,,,,-0.6561045946759427,-0.0890921406010884,-0.1332427363618324
80,CCCCCCSC1OC(=O)C(O)C1O,3.826074803,test,3.963265,nonionic,0.0188211342852615,<rdkit.Chem.rdchem.Mol object at 0x000001633A73DA80>,,,,,,-0.5617770839042531,-0.04393905288898839,-0.007521730150332526
81,CCCCCCCCSCC(O)C(O)C(O)CO,3.079181246,train,3.2846437,nonionic,0.0422147994800319,<rdkit.Chem.rdchem.Mol object at 0x000001633A73E880>,,,,,,-0.6633938823032066,-0.09566018322788111,-0.1523599453633477
82,CCCCCCCCSC1OC(=O)C(O)C1O,2.681241237,train,2.5351217,nonionic,0.0213509251406813,<rdkit.Chem.rdchem.Mol object at 0x000001633A73E810>,,,,,,-0.5709787440067355,-0.0512636169114995,-0.024468073032202525
83,CCCCCCCC(=O)NC1C(O)OC(CO)C(O)C1O,4.653212514,train,4.471777,nonionic,0.0329188594278415,<rdkit.Chem.rdchem.Mol object at 0x000001633A73C510>,,,,,,-0.6633398121157352,-0.09111622361481236,-0.11699946271700101
84,CCCCCCCC(=O)NC1OC(CO)C(O)C(O)C1O,4.84509804,train,4.7938113,nonionic,0.0026303275192651,<rdkit.Chem.rdchem.Mol object at 0x000001633A73E1F0>,,,,,,-0.662866824305164,-0.09057381758892236,-0.11632684547034904
85,CC(C)CCCC(C)CCOC1OC(CO)C(O)C(O)C1O,3.6020599910000004,train,3.5044785,nonionic,0.0095221562481667,<rdkit.Chem.rdchem.Mol object at 0x000001633A73C040>,,,,,,-0.36828426135764447,0.11940378691267098,0.5561002940610444
86,CC(C)CCCC(C)CCOC1OC(CO)C(OC2OC(CO)C(O)C(O)C2O)C(O)C1O,3.72427587,train,3.6346426,nonionic,0.0080341229092629,<rdkit.Chem.rdchem.Mol object at 0x000001633A73F140>,,,,,,-0.36667445520652037,0.1258247438468228,0.545282610112765
87,CC(C)CCCC(C)CCOC1OC(CO)C(OC2OC(CO)C(OC3OC(CO)C(O)C(O)C3O)C(O)C2O)C(O)C1O,3.698970004,train,3.6901383,nonionic,7.799828907358065e-05,<rdkit.Chem.rdchem.Mol object at 0x000001633A73D8C0>,,,,,,-0.35098603322595207,0.1383277490250074,0.5239378158226098
88,CCCCCCCCCOC1OC(CO)C(O)C(O)C1N,3.84509804,train,3.8915963,nonionic,0.0021620897910548,<rdkit.Chem.rdchem.Mol object at 0x000001633A73EC00>,,,,,,-0.6800190824854696,-0.10390884360294543,-0.1536744591085472
89,CCCCCCCCOC1OC(CO)C(O)C(O)C1N,4.361727836,train,4.441546,nonionic,0.0063709334436601,<rdkit.Chem.rdchem.Mol object at 0x000001633A73C890>,,,,,,-0.6749350001193481,-0.09998860551681413,-0.14239985169736566
90,CCCCCCCCCCN(C)C(=O)C(O)C(O)C(O)C(O)CO,3.113943352,train,3.0483656,nonionic,0.0043004424811616,<rdkit.Chem.rdchem.Mol object at 0x000001633A73E340>,,,,,,-0.6725444109237233,-0.09740348810277191,-0.15497545141212937
91,CCCCCCCCCCN(C)C(=O)C(O)C(O)C(OC1OC(CO)C(O)C(O)C1O)C(O)CO,3.361727836,train,3.1523533,nonionic,0.0438377018765032,<rdkit.Chem.rdchem.Mol object at 0x000001633A73D850>,,,,,,-0.6379638333421984,-0.07496703221136451,-0.1312843799557024
92,CCCCCCCCCCCCN(C)C(=O)C(O)C(O)C(O)C(O)CO,2.146128036,train,2.01235,nonionic,0.017896540870083,<rdkit.Chem.rdchem.Mol object at 0x000001633A73E8F0>,,,,,,-0.6646040987612793,-0.09689989603258369,-0.16015603918523919
93,CCCCCCCCCCCCN(C)C(=O)C(O)C(O)C(OC1OC(CO)C(O)C(O)C1O)C(O)CO,2.397940009,train,2.4062436,nonionic,6.89490040216181e-05,<rdkit.Chem.rdchem.Mol object at 0x000001633A73D620>,,,,,,-0.6333811011387094,-0.07564272912943268,-0.13967005840281643
94,CCCCCCCCCCCCCCCCN(C)C(=O)C(O)C(O)C(OC1OC(CO)C(O)C(O)C1O)C(O)CO,0.968482949,train,0.8577275,nonionic,0.0122667633654139,<rdkit.Chem.rdchem.Mol object at 0x000001633A73F7D0>,,,,,,-0.590716043356917,-0.06122216351144326,-0.12525538817415197
95,CCCCCCCCCCCCCCCCCCN(C)C(=O)C(O)C(O)C(OC1OC(CO)C(O)C(O)C1O)C(O)CO,0.51851394,train,0.55290306,nonionic,0.0011826113092146,<rdkit.Chem.rdchem.Mol object at 0x000001633A73CCF0>,,,,,,-0.5586276999363673,-0.04843064991960249,-0.10889693672768931
96,CCCCCCCCC=CCCCCCCCCN(C)C(=O)C(O)C(O)C(O)C(O)CO,1.5051499780000002,train,1.5661364,nonionic,0.003719338809997,<rdkit.Chem.rdchem.Mol object at 0x000001633A73D540>,,,,,,-0.6392298910119465,-0.08827306962905278,-0.1498865243379812
97,CCCCCCCCC=CCCCCCCCCN(C)C(=O)C(O)C(O)C(OC1OC(CO)C(O)C(O)C1O)C(O)CO,1.73239376,train,1.5869403,nonionic,0.0211567123586883,<rdkit.Chem.rdchem.Mol object at 0x000001633A73C900>,,,,,,-0.6131404459837614,-0.06914028141053216,-0.1346320097113517
98,CCCCCCCCCCCCCCN(C)C(=O)C(O)C(O)C(O)C(O)CO,1.380211242,train,1.0523192,nonionic,0.1075132115070583,<rdkit.Chem.rdchem.Mol object at 0x000001633A73DD20>,,,,,,-0.6438332366587857,-0.09029931529014004,-0.15317043018794688
99,CCCCCCCCCCCCCCN(C)C(=O)C(O)C(O)C(OC1OC(CO)C(O)C(O)C1O)C(O)CO,1.556302501,test,1.5175246,nonionic,0.0015037256037173,<rdkit.Chem.rdchem.Mol object at 0x000001633A73F610>,,,,,,-0.6168679426009842,-0.07076365860832266,-0.1369244072753323
100,CCCCCCCCCCCC(=O)N(C)CC(O)CO,2.361727836,train,2.1329453,nonionic,0.0523414491681807,<rdkit.Chem.rdchem.Mol object at 0x000001633A73FA70>,,,,,,-0.6658731082938296,-0.1028270033805916,-0.14799008505816388
101,CCCCCCCCCCCC(=O)N(C)CC(O)C(O)C(O)CO,2.556302501,train,2.4572825,nonionic,0.0098049520462045,<rdkit.Chem.rdchem.Mol object at 0x000001633A73F220>,,,,,,-0.6624799290284903,-0.09574171352592958,-0.1559523320534954
102,CCCCCCCCCCOC1OC(CO)C(O)C(O)C1O,3.301029996,train,3.2366066,nonionic,0.0041503742227007,<rdkit.Chem.rdchem.Mol object at 0x000001633A73D7E0>,,,,,,-0.6800106195146359,-0.10623348130761008,-0.15870233082425772
103,CCCCCCCCCCOC1OC(CO)C(OC2OC(CO)C(O)C(O)C2O)C(O)C1O,3.301029996,train,3.1383572,nonionic,0.0264624507668617,<rdkit.Chem.rdchem.Mol object at 0x000001633A73CF90>,,,,,,-0.6553113662603088,-0.08776756886050929,-0.14411035520862964
104,CCCCCCCCCCCCOC1OC(CO)C(O)C(O)C1O,2.278753601,train,1.9558178,nonionic,0.1042875195273914,<rdkit.Chem.rdchem.Mol object at 0x000001633A73EFF0>,,,,,,-0.6690226091095816,-0.10427196592264289,-0.16113886882278178
105,CCCCCCCCC=CCCCCCCCC(=O)NCCOC1OC(CO)C(OC2OC(CO)C(O)C(O)C2O)C(O)C1O,1.954242509,train,1.7719548,nonionic,0.0332288180191467,<rdkit.Chem.rdchem.Mol object at 0x000001633A73DAF0>,,,,,,-0.6364053671480474,-0.0809169038616529,-0.1400756554958712
106,CCCCCCCCC=CCCCCCCCCOC1OC(CO)C(OC2OC(CO)C(O)C(O)C2O)C(O)C1O,1.301029996,train,1.2665284,nonionic,0.0011903623349115,<rdkit.Chem.rdchem.Mol object at 0x000001633A73EEA0>,,,,,,-0.6254961661389791,-0.07963189770631032,-0.1432273020421777
107,CCCCCCCCC=CCCCCCCCCOC1OC(CO)C(OC2OC(CO)C(OC3OC(CO)C(O)C(O)C3O)C(O)C2O)C(O)C1O,1.62324929,train,1.5948428,nonionic,0.0008069291537744,<rdkit.Chem.rdchem.Mol object at 0x000001633A73E0A0>,,,,,,-0.5723351730156819,-0.04737089960746022,-0.10538629584868173
108,CCCCCCCCCCNC(=O)C(O)C(O)C(OC1OC(CO)C(O)C(O)C1O)C(O)CO,3.113943352,train,2.89085,nonionic,0.0497706137502175,<rdkit.Chem.rdchem.Mol object at 0x000001633A73F5A0>,,,,,,-0.6366267359297452,-0.07397012238611633,-0.12944316752925847
109,CCCCCCCCCCCCNC(=O)C(O)C(O)C(OC1OC(CO)C(O)C(O)C1O)C(O)CO,2.491361694,train,2.2651033,nonionic,0.0511928426873979,<rdkit.Chem.rdchem.Mol object at 0x000001633A73F680>,,,,,,-0.6302087676991052,-0.07381846055957555,-0.13616725181354586
110,CCCCCCCCCCCCOC1OC(CO)C(OC2OC(CO)C(O)C(O)C2O)C(O)C1O,2.230448921,test,2.7744083,nonionic,0.2958918500128434,<rdkit.Chem.rdchem.Mol object at 0x000001633A73CE40>,,,,,,-0.6477753256993745,-0.08712860065808115,-0.14996204057177773
111,CCCCCCCCNC(=O)C(O)C(O)C(OC1OC(CO)C(O)C(O)C1O)C(O)CO,3.755874856,train,3.6405482,nonionic,0.0133002308450233,<rdkit.Chem.rdchem.Mol object at 0x000001633A73FED0>,,,,,,-0.630492060717298,-0.06838639490680755,-0.11159924238664048
112,CCCCCCCCCC(=O)N(C)CC(O)C(O)C(OC1OC(CO)C(O)C(O)C1O)C(O)CO,3.51851394,train,3.4745717,nonionic,0.0019309200287034,<rdkit.Chem.rdchem.Mol object at 0x000001633A73EB90>,,,,,,-0.6202901419640073,-0.06477148712615911,-0.11547417471691329
113,CCCCCCCCCCCC(=O)N(C)CC(O)C(O)C(OC1OC(CO)C(O)C(O)C1O)C(O)CO,2.653212514,train,2.5671425,nonionic,0.0074080496214109,<rdkit.Chem.rdchem.Mol object at 0x000001633A73ED50>,,,,,,-0.6212762106972984,-0.06794793648003364,-0.12853392772596703
114,CCCCCCCCCCCCCC(=O)N(C)CC(O)C(O)C(OC1OC(CO)C(O)C(O)C1O)C(O)CO,1.832508913,train,1.9703889,nonionic,0.0190108878680028,<rdkit.Chem.rdchem.Mol object at 0x000001633A73CC80>,,,,,,-0.610579515981902,-0.06570851022385511,-0.13101240489643293
115,CCCCCCCCCOC1OC(CO)C(O)C(O)C1O,3.838849091,train,3.774548,nonionic,0.0041346233925248,<rdkit.Chem.rdchem.Mol object at 0x000001633A73CD60>,,,,,,-0.6797365106199231,-0.10451133318492614,-0.15207852593084806
116,CCCCCCCCSC1OC(CO)C(O)C(O)C1O,3.929418926,train,3.7845387,nonionic,0.0209902665915669,<rdkit.Chem.rdchem.Mol object at 0x000001633A73D150>,,,,,,-0.6794891596719994,-0.10424523720645798,-0.15176590264600573
117,CCCCCCOCCOCCOCCO,5.0,train,5.0821586,nonionic,0.0067500298885079,<rdkit.Chem.rdchem.Mol object at 0x000001633A73F060>,,,,,,-0.6379527699290238,-0.08529086934433516,-0.08892403900975435
118,CCCCCCCCCCOCCOCCOCCO,2.77815125,train,2.5655937,nonionic,0.0451807037797311,<rdkit.Chem.rdchem.Mol object at 0x000001633A73F1B0>,,,,,,-0.660692950706137,-0.10222062743657426,-0.134294375940594
119,CCCCCCCCCCCCOCCOCCOCCOCCOCCOCCO,1.939519253,train,1.8810171,nonionic,0.0034225032055445,<rdkit.Chem.rdchem.Mol object at 0x000001633A73E730>,,,,,,-0.6497187538409963,-0.09743315145890717,-0.13386342259420705
120,CCCCCCCCOCCOCCOCCOCCOCCOCCOCCOCCO,4.113943352,train,4.1129456,nonionic,9.955955791897271e-07,<rdkit.Chem.rdchem.Mol object at 0x000001633A73F450>,,,,,,-0.6401143656250387,-0.0853011453932792,-0.09637642654706854
121,CCCCCCCCCCOCCOCCOCCOCCOCCOCCOCCOCCOCCO,3.113943352,train,2.9097548,nonionic,0.0416929839155206,<rdkit.Chem.rdchem.Mol object at 0x000001633A73FD10>,,,,,,-0.6354821730906461,-0.08530925786405076,-0.10448639189547516
122,CCCCCCCC[N+](C)(C)C.[Br-],5.146128036,train,5.4264045,cationic,0.078554882911997,<rdkit.Chem.rdchem.Mol object at 0x000001633A73C7B0>,,,,,,0.9280569449803626,-0.221914173289478,-0.028451808736814327
123,CCCCCCCCCC[N+](C)(C)C.[Br-],4.832508913,train,4.7157035,cationic,0.0136435074504754,<rdkit.Chem.rdchem.Mol object at 0x000001633A73E3B0>,,,,,,0.945256802183208,-0.23578220247581821,-0.038257202585893116
124,CCCCCCCCCC[N+](C)(C)C.[Cl-],4.832508913,train,4.940871,cationic,0.0117422902908147,<rdkit.Chem.rdchem.Mol object at 0x000001633A73D770>,,,,,,1.0358964681607952,-0.2125843801349278,-0.05770377438839823
125,CCCCCCCCCCCC[N+](C)(C)C.[Br-],4.204119983,test,4.052776,cationic,0.0229050436172596,<rdkit.Chem.rdchem.Mol object at 0x000001633A73E500>,,,,,,0.9543881916074618,-0.24303099972089282,-0.0454730014468294
126,CCCCCCCCCCCC[N+](C)(C)C.[Cl-],4.3010299960000005,train,4.2355,cationic,0.0042941988740851,<rdkit.Chem.rdchem.Mol object at 0x000001633A73C190>,,,,,,1.0446881723827826,-0.21931086984424172,-0.06458053947255818
127,CCCCCCCCCCCCCC[N+](C)(C)C.[Br-],3.556302501,train,3.5499678,cationic,4.012886995142992e-05,<rdkit.Chem.rdchem.Mol object at 0x000001633A73CAC0>,,,,,,0.953582837152894,-0.24226655089292737,-0.049404587985440014
128,CCCCCCCCCCCCCC[N+](C)(C)C.[Cl-],3.653212514,train,3.6717238,cationic,0.000342669287309,<rdkit.Chem.rdchem.Mol object at 0x000001633A73DBD0>,,,,,,1.0430287616048566,-0.2181989615153369,-0.0678879760560787
129,CCCCCCCCCCCCCCCC[N+](C)(C)C.[Br-],2.991226076,train,2.8383303,cationic,0.0233771278410339,<rdkit.Chem.rdchem.Mol object at 0x000001633A73DE70>,,,,,,0.9428816345582846,-0.233486393361776,-0.05002752973063724
130,CCCCCCCCCC[n+]1ccccc1.[Br-],4.643452676,train,4.590052,cationic,0.0028516185439876,<rdkit.Chem.rdchem.Mol object at 0x000001633A73E260>,,,,,,0.9508289819201478,-0.24212576167636518,-0.046767998623774884
131,CCCCCCCCCCC[n+]1ccccc1.[Br-],4.322219295,train,4.272711,cationic,0.0024510910602431,<rdkit.Chem.rdchem.Mol object at 0x000001633A73D2A0>,,,,,,0.9573616645027195,-0.2472919370240912,-0.05101991671258197
132,CCCCCCCCCCCC[n+]1ccccc1.[Br-],4.0569048510000005,test,3.9797506,cationic,0.0059527733181967,<rdkit.Chem.rdchem.Mol object at 0x000001633A73CA50>,,,,,,0.9612881473359703,-0.2503620729127334,-0.054418928228377135
133,CCCCCCCCCCCC[n+]1ccccc1.[Cl-],4.230448921,train,4.1262345,cationic,0.0108606389991611,<rdkit.Chem.rdchem.Mol object at 0x000001633A73EB20>,,,,,,1.0509113970535455,-0.22553794307781505,-0.07279862929303003
134,CCCCCCCCCCCC[n+]1ccccc1.[I-],3.72427587,train,3.696775,cationic,0.0007563000747974,<rdkit.Chem.rdchem.Mol object at 0x000001633A73E490>,,,,,,0.5066036325503493,-0.2119751422932536,0.004338103097000706
135,CCCCCCCCCCCCC[n+]1ccccc1.[Br-],3.72427587,train,3.677104,cationic,0.0022251856705522,<rdkit.Chem.rdchem.Mol object at 0x000001633A73EDC0>,,,,,,0.9624038075396912,-0.25118006301280177,-0.05688192954579496
136,CCCCCCCCCCCCCC[n+]1ccccc1.[Br-],3.431363764,train,3.3364997,cationic,0.0089991923443428,<rdkit.Chem.rdchem.Mol object at 0x000001633A73E9D0>,,,,,,0.9606381083200816,-0.24968897992284034,-0.05837391077144244
137,CCCCCCCCCCCCCC[n+]1ccccc1.[Cl-],3.544068044,train,3.427679,cationic,0.0135463951566837,<rdkit.Chem.rdchem.Mol object at 0x000001633A73FAE0>,,,,,,1.0496346172625728,-0.22465305948219366,-0.07623698770996802
138,CCCCCCCCCCCCCCC[n+]1ccccc1.[Br-],3.113943352,train,2.9632702,cationic,0.0227024025372294,<rdkit.Chem.rdchem.Mol object at 0x000001633A73E6C0>,,,,,,0.9560616688749034,-0.24593729256333388,-0.05891023320465854
139,CCCCCCCCCCCCCCCC[n+]1ccccc1.[Br-],2.806179974,train,2.6249056,cationic,0.0328604036567927,<rdkit.Chem.rdchem.Mol object at 0x000001633A73FCA0>,,,,,,0.9489129226549032,-0.2401010850453138,-0.05856730177016932
140,CCCCCCCCCCCCCCCC[n+]1ccccc1.[Cl-],2.954242509,test,2.732067,cationic,0.0493619087409487,<rdkit.Chem.rdchem.Mol object at 0x000001633A73DEE0>,,,,,,1.0378859185976195,-0.21584273388368805,-0.07601234538589435
141,CCCCCCCCCCCCCCCCCC[n+]1ccccc1.[Cl-],2.380211242,train,2.2346272,cationic,0.0211946996418873,<rdkit.Chem.rdchem.Mol object at 0x000001633A73F3E0>,,,,,,1.0182112221275963,-0.20082857808864,-0.07305544160034147
142,CCCCCCCCCCCC[N+](C)(C)CC.[Br-],4.146128036,train,4.003122,cationic,0.0204507684120509,<rdkit.Chem.rdchem.Mol object at 0x000001633A73E960>,,,,,,0.9603350933397166,-0.2513742858924079,-0.05709141346037624
143,CCCCCCCCCCCC[N+](C)(C)CCCC.[Br-],3.875061263,train,3.9142866,cationic,0.0015386281190515,<rdkit.Chem.rdchem.Mol object at 0x000001633A73D1C0>,,,,,,0.9511562922058487,-0.23646832846713012,-0.007202864151498567
144,CCCCCCCCCCCC[N+](C)(C)CCCCCC.[Br-],3.491361694,train,3.6301913,cationic,0.0192736667605047,<rdkit.Chem.rdchem.Mol object at 0x000001633A73FF40>,,,,,,0.9555006686608364,-0.24066455156847139,-0.016889884609234566
145,CCCCCCCCCCCC[N+](C)(C)CCCCCCCC.[Br-],3.041392685,train,3.0968394,cationic,0.0030743413035413,<rdkit.Chem.rdchem.Mol object at 0x000001633A73F300>,,,,,,0.9491567992101088,-0.23539739510709334,-0.01922384602584344
146,CCCCCCCCCCCCCC[N+](CC)(CC)CC.[Br-],3.491361694,train,3.4782596,cationic,0.0001716658250528,<rdkit.Chem.rdchem.Mol object at 0x000001633A73CB30>,,,,,,0.9612871918709095,-0.25107808284323985,-0.06043513504589651
147,CCCCCCCCCCCCCC[N+](CCC)(CCC)CCC.[Br-],3.322219295,train,3.294002,cationic,0.0007962125699079,<rdkit.Chem.rdchem.Mol object at 0x000001633A73E7A0>,,,,,,0.9192968226945547,-0.20049852282800593,0.04950519089774272
148,CCCCCCCCCCCCCC[N+](CCCC)(CCCC)CCCC.[Br-],3.079181246,train,3.1822028,cationic,0.0106134438872267,<rdkit.Chem.rdchem.Mol object at 0x000001633A73D310>,,,,,,0.8767542170682776,-0.15518747042263129,0.11114682846550958
149,CCCCCCCCCC[N+](C)(C)Cc1ccccc1.[Cl-],4.591064607,train,4.315782,cationic,0.0757804750891142,<rdkit.Chem.rdchem.Mol object at 0x000001633A73C9E0>,,,,,,1.0425126140388552,-0.21952492962279319,-0.06626677817842189
150,CCCCCCCCCCCC[N+](C)(C)Cc1ccccc1.[Cl-],3.944482672,test,3.8032494,cationic,0.0199468486639925,<rdkit.Chem.rdchem.Mol object at 0x000001633A73F840>,,,,,,1.0519563926543711,-0.22670255215729196,-0.07342226022132911
151,CCCCCCCCCCCCCC[N+](C)(C)Cc1ccccc1.[Cl-],3.301029996,train,3.222105,cationic,0.0062291508508091,<rdkit.Chem.rdchem.Mol object at 0x000001633A73F920>,,,,,,1.0501736509708466,-0.22551921862670002,-0.07665287056273458
152,CCCCCCCCCCCC[NH2+]CCO.[Cl-],4.653212514,train,4.6143174,cationic,0.0015128285593772,<rdkit.Chem.rdchem.Mol object at 0x000001633A73CDD0>,,,,,,1.035861583505904,-0.21266144501997258,-0.07558536032434032
153,CCCCCCCCCCCC[NH+]CCO.[Cl-],4.556302501,train,4.4802437,cationic,0.0057849438166515,<rdkit.Chem.rdchem.Mol object at 0x000001633A73D9A0>,,,,,,1.0337046545019621,-0.21129683070890642,-0.07528097688606711
154,CCCCCCCCCCCC[N+]CCO.[Cl-],4.397940009,train,4.2590346,cationic,0.0192947033048818,<rdkit.Chem.rdchem.Mol object at 0x000001633A73F290>,,,,,,1.0416364424962965,-0.21789718934445146,-0.07648524261370261
155,CCCCCCCCCC[N+](C)(C)CCCCCCCCCC.[Br-],3.267171728,train,3.0968394,cationic,0.0290130924410052,<rdkit.Chem.rdchem.Mol object at 0x000001633A73C5F0>,,,,,,0.9491567992101082,-0.23539739510709334,-0.01922384602584344
156,CCCCCCCCCCCC[N+](C)(C)CCCCCCCCCCCC.[Br-],2.245512668,train,1.9181186,cationic,0.1071868783303451,<rdkit.Chem.rdchem.Mol object at 0x000001633A73C3C0>,,,,,,0.9118068969707601,-0.20446877621273263,-0.01674405377721942
157,CCCCCCCCCCCCCCCC(=O)NC(C(=O)[O-])C(C)C.[Na+],3.278753601,train,3.2951984,anionic,0.000270432747883,<rdkit.Chem.rdchem.Mol object at 0x000001633A73D230>,,,,,,0.822068672905935,0.05882072296899975,0.20057467600993334
158,CCCCCCCCCCCCCCCC(=O)NC(CC(C)C)C(=O)[O-].[Na+],3.176091259,train,3.1924562,anionic,0.0002678127806041,<rdkit.Chem.rdchem.Mol object at 0x000001633A73EA40>,,,,,,0.878052681293528,0.007116844479288418,0.18516090914265657
159,CCCCCCCCCCS(=O)(=O)[O-].[Na+],4.633468456,train,4.6120353,anionic,0.0004593812689712,<rdkit.Chem.rdchem.Mol object at 0x000001633A73C820>,,,,,,1.0896560558884931,-0.16631741430935712,-0.09077439077691529
160,CCCCCCCCCCCCS(=O)(=O)[O-].[Na+],4.093421685,train,4.1464686,anionic,0.0028139793683338,<rdkit.Chem.rdchem.Mol object at 0x000001633A73D070>,,,,,,1.0914834459547438,-0.16839487426651006,-0.09508589463488519
161,CCCCCCCCCCCCS(=O)(=O)[O-].[Li+],4.041392685,train,4.146515,anionic,0.0110506785260984,<rdkit.Chem.rdchem.Mol object at 0x000001633A73D690>,,,,,,0.4085351492003094,2.3277794773153935,-0.538985618155146
162,CCCCCCCCCCCCS(=O)(=O)[O-].[NH4+],3.949390007,train,3.8928342,anionic,0.0031985608263252,<rdkit.Chem.rdchem.Mol object at 0x000001633A73B220>,,,,,,0.36081679355985996,1.4381376129176366,-0.05249474416428851
163,CCCCCCCCCCCCS(=O)(=O)[O-].[K+],3.968482949,train,4.095995,anionic,0.0162593102309174,<rdkit.Chem.rdchem.Mol object at 0x000001633A73AC00>,,,,,,0.6734850664616595,0.1440152555991575,0.04944020284125927
164,CCCCCCCCCCCCOS(=O)(=O)[O-].[Na+],3.913813852,test,3.7073226,anionic,0.0426386381834714,<rdkit.Chem.rdchem.Mol object at 0x000001633A73A730>,,,,,,1.0020558410346445,-0.1904005865757066,-0.09902146383498125
165,CCCCCCCCCCCCOS(=O)(=O)[O-].[Li+],3.949390007,train,3.7397356,anionic,0.0439549689771667,<rdkit.Chem.rdchem.Mol object at 0x000001633A7384A0>,,,,,,0.4087841091347071,2.332138240936941,-0.5411236346579349
166,CCCCCCCCC(CC)OS(=O)(=O)[O-].C[N+](C)(C)C,3.740362689,train,3.761619,anionic,0.0004518346274283,<rdkit.Chem.rdchem.Mol object at 0x000001633A73B370>,,,,,,0.37324970769926336,1.6113148136623705,-0.06963905008232207
167,CCCCCCCCC(CC)OS(=O)(=O)[O-].CCC[N+](CCC)(CCC)CCC,3.3424226810000004,train,3.1786108,anionic,0.0268343318008537,<rdkit.Chem.rdchem.Mol object at 0x000001633A73BBC0>,,,,,,-0.2333880272721972,0.03407793109933772,0.4684737180907766
168,CCCCCCCCCCCCCCOS(=O)(=O)[O-].[Na+],3.322219295,train,3.30197,anionic,0.0004100337440704,<rdkit.Chem.rdchem.Mol object at 0x000001633A738DD0>,,,,,,0.9944504612442193,-0.1857556577868583,-0.09967668792511285
169,CCCCCCCCCCOCCS(=O)(=O)[O-].[Na+],4.201397124,train,4.192197,anionic,8.464511512453856e-05,<rdkit.Chem.rdchem.Mol object at 0x000001633A739690>,,,,,,1.0877951714061393,-0.17331792323408346,-0.09485729469071902
170,CCCCCCCCCCCCOCCOS(=O)(=O)[O-].[Na+],3.591064607,train,3.3344307,anionic,0.065860965003956,<rdkit.Chem.rdchem.Mol object at 0x000001633A73A880>,,,,,,0.9968696672175972,-0.1890405408977443,-0.09881747433648982
171,CCCCCCCCCCCCOCCOCCOS(=O)(=O)[O-].[Na+],3.462397998,test,3.0357957,anionic,0.1819895303605422,<rdkit.Chem.rdchem.Mol object at 0x000001633A73BC30>,,,,,,0.9939002852858412,-0.18735588834441796,-0.09759271346836965
172,CCCCCCCCCCCCCCCCOCCOCCOCCOCCOCCOS(=O)(=O)[O-].[Na+],1.397940009,train,1.194624,anionic,0.0413374210088139,<rdkit.Chem.rdchem.Mol object at 0x000001633A739850>,,,,,,0.9559484721253829,-0.16227553559376243,-0.08992368676329059
173,CCCCCCCCC(CCCCCC)COCCOCCOCCOCCOCCOS(=O)(=O)[O-].[Na+],1.934498451,train,2.3715339,anionic,0.1909999580697518,<rdkit.Chem.rdchem.Mol object at 0x000001633A73AC70>,,,,,,0.9686152981383476,-0.16463678785079777,-0.05366198201818651
174,CCCCCCOC(=O)CS(=O)(=O)[O-].[Na+],5.230448921,train,5.239033,anionic,7.369022706633712e-05,<rdkit.Chem.rdchem.Mol object at 0x000001633A7382E0>,,,,,,1.0469316120361256,-0.14424594551680056,-0.06327250575521999
175,CCCCCCCCOC(=O)CS(=O)(=O)[O-].[Na+],4.8195439360000005,train,4.681043,anionic,0.0191824682653273,<rdkit.Chem.rdchem.Mol object at 0x000001633A73B140>,,,,,,1.0643809037408143,-0.15657760101323945,-0.0735439054847242
176,CCCCCCCCCCOC(=O)CS(=O)(=O)[O-].[Na+],4.342422681,train,4.259006,anionic,0.0069583387639908,<rdkit.Chem.rdchem.Mol object at 0x000001633A7387B0>,,,,,,1.0740838064501683,-0.16390412920484784,-0.08106748840210293
177,CCCCOC(=O)CC(C(=O)OCCCC)S(=O)(=O)[O-].[Na+],5.3010299960000005,train,4.9075975,anionic,0.1547890960106891,<rdkit.Chem.rdchem.Mol object at 0x000001633A73B6F0>,,,,,,0.9206642735790023,-0.05188396874263583,0.04022180350965837
178,CCCCCOC(=O)CC(C(=O)OCCCCC)S(=O)(=O)[O-].[Na+],4.72427587,test,4.17396,anionic,0.3028473268598296,<rdkit.Chem.rdchem.Mol object at 0x000001633A738040>,,,,,,0.9449423600252698,-0.07413237263701189,0.01714555866147094
179,CCCCC(CC)COC(=O)CC(C(=O)OCC(CC)CCCC)S(=O)(=O)[O-].[Na+],3.397940009,train,3.445899,anionic,0.0023000657485828,<rdkit.Chem.rdchem.Mol object at 0x000001633A7394D0>,,,,,,0.8901388279071527,-0.012735850359891084,0.13044925250112704
180,CCCCCCCCOC(=O)CC(C(=O)OCCCCCCCC)S(=O)(=O)[O-].[Na+],2.959041392,train,2.926036,anionic,0.0010893637535669,<rdkit.Chem.rdchem.Mol object at 0x000001633A73B060>,,,,,,0.9617913604615603,-0.09007838026774988,-0.0017333219651771727
181,CCCCCCCCCCCCC(C(=O)OCC)S(=O)(=O)[O-].[Na+],3.352182518,train,3.2424703,anionic,0.0120367785823516,<rdkit.Chem.rdchem.Mol object at 0x000001633A73A810>,,,,,,1.053130894128147,-0.16357977879304691,-0.0504225873679164
182,CCCCCCCCCCCCC(C(=O)OCCCC)S(=O)(=O)[O-].[Na+],3.1303337680000003,train,3.0910826,anionic,0.0015406563138727,<rdkit.Chem.rdchem.Mol object at 0x000001633A73AF80>,,,,,,1.0384820785411926,-0.1504876549318771,-0.03527326813021161
183,O=C([O-])C(F)(F)C(F)(F)C(F)(F)C(F)(F)C(F)(F)C(F)(F)C(F)(F)F.[K+],4.462397998,train,4.4689517,anionic,4.295103766523866e-05,<rdkit.Chem.rdchem.Mol object at 0x000001633A738580>,,,,,,0.579440790248064,0.19933901537032012,0.06870465295165541
184,O=C([O-])C(F)(F)C(F)(F)C(F)(F)C(F)(F)C(F)(F)C(F)(F)C(F)(F)F.[Na+],4.477121255,train,4.742835,anionic,0.0706038181222104,<rdkit.Chem.rdchem.Mol object at 0x000001633A73ACE0>,,,,,,0.8495991985526948,-0.028147563571668876,-0.020938589760144996
185,O=C([O-])C(F)(F)C(F)(F)C(F)(F)C(F)(F)C(F)(F)C(F)(F)C(F)(F)F.[Li+],4.51851394,test,3.698588,anionic,0.6722787201881557,<rdkit.Chem.rdchem.Mol object at 0x000001633A738820>,,,,,,0.41255415885301366,2.3991490643834834,-0.5748082642476445
186,O=C([O-])C(F)(F)C(F)(F)C(F)(F)C(F)(F)C(F)(C(F)(F)F)C(F)(F)F.[Na+],4.477121255,train,4.74178,anionic,0.0700441476803886,<rdkit.Chem.rdchem.Mol object at 0x000001633A73AB90>,,,,,,0.8464053052756783,-0.024966983120329307,-0.019388005566902292
187,O=C([O-])C(F)(F)C(F)(F)C(F)(F)C(F)(F)C(F)(F)C(F)(F)C(F)(F)C(F)(F)F.[Li+],3.69019608,train,3.624475,anionic,0.0043192600555192,<rdkit.Chem.rdchem.Mol object at 0x000001633A73A3B0>,,,,,,0.4121162946873052,2.3916916561879082,-0.5713161679668248
188,O=S(=O)([O-])C(F)(F)C(F)(F)C(F)(F)C(F)(F)C(F)(F)C(F)(F)C(F)(F)C(F)(F)F.[Li+],3.799340549,train,3.9097037,anionic,0.0121800320596655,<rdkit.Chem.rdchem.Mol object at 0x000001633A738E40>,,,,,,0.41212781795619124,2.3918668519734285,-0.5713810157666611
189,CCCCCCOC(=O)CC(C(=O)OCCCCCC)S(=O)(=O)[O-].[Na+],3.1461280360000003,train,3.3185868,anionic,0.0297420343601769,<rdkit.Chem.rdchem.Mol object at 0x000001633A739310>,,,,,,0.9555532428322339,-0.08289382281625186,0.009723718565300443
190,CCCCCCCCCCCCCCC(C(=O)OC)S(=O)(=O)[O-].[Na+],2.86332286,train,2.7114,anionic,0.0230805456543132,<rdkit.Chem.rdchem.Mol object at 0x000001633A73A960>,,,,,,1.0545393859345942,-0.16225835372413724,-0.04874845721127016
191,CCCCCCCCCC[N+](C)(C)CC(=O)[O-],4.255272505,train,4.2199063,zwitterionic,0.001250766326446,<rdkit.Chem.rdchem.Mol object at 0x000001633A73AA40>,,,,,,-0.30176118112458983,-0.08692419860246964,0.08678496100391246
192,CCCCCCCCCCCC[N+](C)(C)CC(=O)[O-],3.301029996,test,3.3279066,zwitterionic,0.0007223523038583,<rdkit.Chem.rdchem.Mol object at 0x000001633A73BB50>,,,,,,-0.3013281131859027,-0.09005276487148862,0.08073639034742036
193,CCCCCCCCCCCCCC[N+](C)(C)CC(=O)[O-],2.342422681,train,2.1953406,zwitterionic,0.0216331287284637,<rdkit.Chem.rdchem.Mol object at 0x000001633A73A8F0>,,,,,,-0.29572328638083273,-0.08932056842281562,0.07536455941533401
194,CCCCCCCCCCCCCCCC[N+](C)(C)CC(=O)[O-],1.301029996,train,1.188076,zwitterionic,0.0127586008552562,<rdkit.Chem.rdchem.Mol object at 0x000001633A738EB0>,,,,,,-0.28525568729314266,-0.08483325322264255,0.07058441096121364
195,CCCCCCCCCCCC[N+](C)(C)CCCC(=O)[O-],3.662757832,train,3.6600323,zwitterionic,7.428675466394666e-06,<rdkit.Chem.rdchem.Mol object at 0x000001633A739A10>,,,,,,-0.0698609109800501,-0.04982485075910473,0.16420267793049217
196,CCCCCCCCCCCC[N+](C)(C)CCCCCC(=O)[O-],3.414973348,train,2.8741112,zwitterionic,0.2925318896012778,<rdkit.Chem.rdchem.Mol object at 0x000001633A73B0D0>,,,,,,-0.04792620696140567,-0.044902275634169986,0.16583512775310782
197,CCCCCCCCCCCC[N+](C)(C)CCCCCCCC(=O)[O-],3.176091259,test,1.740359,zwitterionic,2.061327266817607,<rdkit.Chem.rdchem.Mol object at 0x000001633A739000>,,,,,,-0.043668870855580244,-0.04311331685153439,0.15909225377077313
198,CCCCCCCCCCC(C(=O)[O-])[n+]1ccccc1,3.716003344,train,3.6469631,zwitterionic,0.0047665525980664,<rdkit.Chem.rdchem.Mol object at 0x000001633A739BD0>,,,,,,-0.2646102049159291,-0.08343695413367194,0.10342307082056292
199,CCCCCCCCCCCCC(C(=O)[O-])[n+]1ccccc1,2.77815125,train,2.6644678,zwitterionic,0.012923924169977,<rdkit.Chem.rdchem.Mol object at 0x000001633A73A030>,,,,,,-0.2613879091855466,-0.08432693722849952,0.09779121715133554
200,CCCCCCCCCCCC[N+](C)(C)CCCS(=O)(=O)[O-],3.477121255,train,3.1565924,zwitterionic,0.1027387667093794,<rdkit.Chem.rdchem.Mol object at 0x000001633A739620>,,,,,,-0.12638167191500974,-0.06119367902601134,0.1496347013016146
201,CCCCCCCCCCCCCC[N+](C)(C)CCCS(=O)(=O)[O-],2.505149978,train,2.5014458,zwitterionic,1.3721154953872715e-05,<rdkit.Chem.rdchem.Mol object at 0x000001633A73AD50>,,,,,,-0.12272407440523085,-0.060920301883415705,0.1439751786866735
202,CCCCC(C)CCCCOCCOCCOCCOCCOCCOCCO,3.4727564493172123,,,,,<rdkit.Chem.rdchem.Mol object at 0x000001633A7B82E0>,2-BUTYL HEXYL/OXYETHYLENE/6 ALCOHOL,422.7,22.5,0.00297,True,-0.6431146856623223,-0.08065579801512385,-0.043941755129400226
203,CCCCC(C)CCCCOCCOCCOCCOCCOCCOCCOCCOCCOCCO,3.505149978319906,,,,,<rdkit.Chem.rdchem.Mol object at 0x000001633A7BBA00>,2-BUTYL HEXYL/OXYETHYLENE/9 ALCOHOL,554.9,20.0,0.0032,True,-0.6214122098735635,-0.06823857512901782,-0.02346723169593287
204,CCC(C)CCOCCOCCOCCOCCOCCOCCO,5.0,,,,,<rdkit.Chem.rdchem.Mol object at 0x000001633A7BB920>,2-ETHYL BUTYL/OXYETHYLENE/6 ALCOHOL,366.6,20.0,0.1,True,-0.5214065459555017,0.00836493095358679,0.2624825091892562
205,CCCC(C)CCCOCCOCCOCCOCCOCCOCCO,4.361727836017593,,,,,<rdkit.Chem.rdchem.Mol object at 0x000001633A7BA8F0>,2-PROPYL PENTYL/OXYETHYLENE/6 ALCOHOL,394.6,20.0,0.023,True,-0.6126898863640132,-0.05893088972817168,0.02680039985989833
206,CCCCCCCCCCCCC(C(=O)O)S(=O)(=O)O,3.716003343634799,,,,,<rdkit.Chem.rdchem.Mol object at 0x000001633A7BB840>,ALPHA SULFOMYRISTIC ACID,308.4,25.0,0.0052,True,-0.5994397805015796,-0.0885058125444379,-0.0842711117090646
207,CCCCCCOCCOCCOCCOCCOCCOCCO,5.900913067737669,,,,,<rdkit.Chem.rdchem.Mol object at 0x000001633A7B8D60>,BUTYL/OXYETHYLENE/6 ALCOHOL,338.5,20.0,0.796,True,-0.6351980472077735,-0.0815610904040726,-0.08225678285623687
208,CCCCCCCCCCS(=O)(=O)[O-].CCCCCCCCCC[N+](C)(C)C,3.133538908370217,,,,,<rdkit.Chem.rdchem.Mol object at 0x000001633A7BB450>,DECYL TRIMETHYLAMMONIUM DECANESULFONATE,421.7,25.0,0.00136,True,-0.09277331448450048,-0.03914141485503028,0.21675050691228986
209,CCCCCCCCCCOS(=O)(=O)[O-].CCCCCCCCCC[N+](C)(C)C,2.662757831681574,,,,,<rdkit.Chem.rdchem.Mol object at 0x000001633A7BAF10>,DECYL TRIMETHYLAMMONIUM DECYL SULFATE,437.8,25.0,0.00046,True,-0.30732981167432355,-0.07029997996032242,0.1412045087812286
210,CCCCCCCCCCCCOC(=O)CC(=O)[O-].CCCCCCCCCCCCOC(=O)CC(=O)[O-].[K+].[K+],4.698970004336019,,,,,<rdkit.Chem.rdchem.Mol object at 0x000001633A7BB370>,DIPOTASSIUM DODECYL MALONATE,348.6,25.0,0.05,True,0.6918113886506171,0.7681384179769812,0.05921156653389646
211,CCCCCCCCOC(=O)CC(=O)[O-].CCCCCCCCOC(=O)CC(=O)[O-].[K+].[K+],5.477121254719663,,,,,<rdkit.Chem.rdchem.Mol object at 0x000001633A7BB300>,DIPOTASSIUM OCTYL MALONATE,292.5,20.0,0.3,True,0.6919945554449042,0.758546528597075,0.06288698098731858
212,CCCCCCCCCCCCCCOC(=O)CC(=O)[O-].CCCCCCCCCCCCCCOC(=O)CC(=O)[O-].[K+].[K+],4.2552725051033065,,,,,<rdkit.Chem.rdchem.Mol object at 0x000001633A7BAD50>,DIPOTASSIUM TETRADECYL MALONATE,376.7,25.0,0.018,True,0.687777987604722,0.7688446018485411,0.05654435300532704
213,CCCCCCCCCCCC[NH3+].[Cl-],4.169282471503407,,,,,<rdkit.Chem.rdchem.Mol object at 0x000001633A7BA2D0>,DODECYL AMMONIUM CHLORIDE,221.80000000000004,23.33333333333333,0.0147666666666666,True,1.0558969300947756,-0.22723385434750076,-0.07729845725851235
214,CCCCCCCCCCCC[n+]1cccc2ccccc21.[Br-],3.681241237375587,,,,,<rdkit.Chem.rdchem.Mol object at 0x000001633A7BA730>,DODECYLQUINOLINIUM BROMIDE,378.4,25.0,0.0048,True,0.9506616292740631,-0.2396728560185976,-0.046406925813688195
215,CCCCCC.CCCCCC[N+](C)(C)C.CCCCCC[N+](C)(C)C.O=S(=O)([O-])[O-],5.041392685158225,,,,,<rdkit.Chem.rdchem.Mol object at 0x000001633A7BA5E0>,HEXYL TRIMETHYLAMMONIUM HEXANE SULFATE,325.5,25.0,0.11,True,0.2526348163387932,0.12350651525307187,0.3542602237554238
216,CCCCCCOCCOCCOCCOCCO,4.954242509439325,,,,,<rdkit.Chem.rdchem.Mol object at 0x000001633A7BB6F0>,HEXYL/OXYETHYLENE/4 ALCOHOL,278.4,20.0,0.09,True,-0.6395124648169935,-0.08517054584598457,-0.08868000102008339
217,CCCCCCOCCOCCOCCOCCOCCO,4.9661417327390325,,,,,<rdkit.Chem.rdchem.Mol object at 0x000001633A7BA6C0>,HEXYL/OXYETHYLENE/5 ALCOHOL,322.5,20.0,0.0925,True,-0.6385675894448565,-0.0839138763267012,-0.08641565007872135
218,CC(C)(C)OCCOCCOCCOCCOCCOCCO,5.959041392321094,,,,,<rdkit.Chem.rdchem.Mol object at 0x000001633A7BB220>,I-METHYL PROPYL/OXYETHYLENE/6 ALCOHOL,338.5,20.0,0.91,True,-0.3163066152315724,0.1866000299864005,0.7900023075817433
219,C[N+](C)([O-])CCC(F)(F)C(F)(F)C(F)(F)C(F)(F)C(F)(F)C(F)(F)C(F)(F)F,2.672097857935717,,,,,<rdkit.Chem.rdchem.Mol object at 0x000001633A811150>,NN-DIMETHYL 1-1-DIHYDROPENTADECAFLUORO OCTYL AMINE N-OXIDE /C7F15CH2N/CH3/20/,443.2,25.0,0.00047,True,-0.38258505295852874,0.05730932372881219,0.08089994830000029
220,CCCCCCCCC[N+](C)(C)[O-],4.732393759822968,,,,,<rdkit.Chem.rdchem.Mol object at 0x000001633A811A80>,NONYL DIMETHYL AMINE OXIDE,187.3,25.0,0.054,True,-0.6162621856459956,-0.08279165650541222,-0.08068609135031869
221,CCCCCCCCCCCCCCCCCC[n+]1ccccc1.O=[N+]([O-])[O-],2.1072099696478683,,,,,<rdkit.Chem.rdchem.Mol object at 0x000001633A812F10>,OCTADECYL PYRIDINIUM NITRATE,394.7,25.0,0.000128,True,-0.4911485173543321,-0.08192928442907328,-0.04967209836067379
222,CCCCCCCCCCCCCCCCCC[N+](CC)(CC)CC.[O-][Br+2]([O-])[O-],2.397940008672037,,,,,<rdkit.Chem.rdchem.Mol object at 0x000001633A812A40>,OCTADECYL TRIETHYLAMMONIUM BROMATE,482.7,25.0,0.00025,True,-0.5648467685725923,-0.06788042280016,-0.0896371882070322
223,CCCCCCCCCCCCCCCCCC[N+](C)(C)C.[O-][Br+2]([O-])[O-],2.519827993775719,,,,,<rdkit.Chem.rdchem.Mol object at 0x000001633A8134C0>,OCTADECYL TRIMETHYLAMMONIUM BROMATE,440.6,25.0,0.000331,True,-0.5454260814053024,-0.058294678997292904,-0.06058741054101091
224,CCCCCCCCCCCCCCCCCC[N+](C)(C)C.O=C[O-],2.6434526764861874,,,,,<rdkit.Chem.rdchem.Mol object at 0x000001633A812570>,OCTADECYL TRIMETHYLAMMONIUM FORMATE,357.7,25.0,0.00044,True,-0.21722500842362774,-0.06584029853359993,0.10262082433794695
225,CCCCCCCCOCCOCCOCCOCCOCCOCCOCCOCCOCCO,4.113943352306837,,,,,<rdkit.Chem.rdchem.Mol object at 0x000001633A811070>,OCTYL /OXYETHYLENE/ 9 ALCOHOL,526.7,25.0,0.013,True,-0.6304585634913626,-0.08002283325446108,-0.08726007364560151
226,CCCCCCCCCC.CCCCCCCC[N+](C)(C)C.CCCCCCCC[N+](C)(C)C.O=S(=O)([O-])[O-],3.278753600952829,,,,,<rdkit.Chem.rdchem.Mol object at 0x000001633A8123B0>,OCTYL TRIMETHYLAMMONIUM DECANE SULFATE,409.7,25.0,0.0019,True,0.2573999823150608,0.11995302096760199,0.33171906311889787
227,CCCCCCCCCCCCOS(=O)(=O)[O-].CCCCCCCC[N+](C)(C)C,2.633468455579586,,,,,<rdkit.Chem.rdchem.Mol object at 0x000001633A813610>,OCTYL TRIMETHYLAMMONIUM DODECYL SULFATE,437.8,25.0,0.00043,True,-0.30732976205417795,-0.07029997455464371,0.14120452825716406
228,CCCCCCCCS(=O)(=O)[O-].CCCCCCCC[N+](C)(C)C,4.304490527773488,,,,,<rdkit.Chem.rdchem.Mol object at 0x000001633A813D80>,OCTYL TRIMETHYLAMMONIUM OCTANE SULFONATE,365.6,25.0,0.02016,True,-0.10119661127631073,-0.04108776591038859,0.23099383785534902
229,CCCCCCCCCCCCc1cccc(S(=O)(=O)[O-])c1.[Na+],3.164352855784437,,,,,<rdkit.Chem.rdchem.Mol object at 0x000001633A812650>,SODIUM 3-N-DODECYL BENZENE SULFONATE,348.4,25.0,0.00146,True,1.0757068636284752,-0.18278407000905406,-0.09722052934753092
230,CCCCCCCCCCCCc1ccc(S(=O)(=O)[O-])cc1.[Na+],3.2013971243204518,,,,,<rdkit.Chem.rdchem.Mol object at 0x000001633A810890>,SODIUM 4-N-DODECYL BENZENE SULFONATE,348.4,25.0,0.00159,True,1.0745338848922743,-0.1815890488309527,-0.09646031759180516
231,CCCCCCCCCC(=O)[O-].[Na+],4.973127853599698,,,,,<rdkit.Chem.rdchem.Mol object at 0x000001633A810B30>,SODIUM DECANOATE,194.2,25.0,0.094,True,1.090648579881272,-0.14523383667019849,-0.08000470039473787
232,CCCCCCCCCCOS(=O)(=O)[O-].[Na+],4.518777068926775,,,,,<rdkit.Chem.rdchem.Mol object at 0x000001633A812810>,SODIUM DECYL 1 SULFATE,260.3,24.0,0.03302,True,0.9994692920309521,-0.18814641730008438,-0.09380050296483813
233,CCCCCCCCC(C)OS(=O)(=O)[O-].[Na+],4.665580991017953,,,,,<rdkit.Chem.rdchem.Mol object at 0x000001633A811F50>,SODIUM DECYL 2 SULFATE,260.3,22.5,0.0463,True,0.9981924281332646,-0.1756822920863708,-0.0487320339687373
234,CCCCC(OC(=O)C(CC(=O)[O-])S(=O)(=O)O)C(CC)CC.[Na+],3.397940008672037,,,,,<rdkit.Chem.rdchem.Mol object at 0x000001633A811000>,SODIUM DI-2-ETHYL-HEXYL SULFOSUCCINATE,444.5,25.0,0.0025,True,0.97873661584468,-0.04352222612977284,0.0937668025759223
235,CCCCCCCCCCCC(=O)[O-].[Na+],4.38738982633873,,,,,<rdkit.Chem.rdchem.Mol object at 0x000001633A8107B0>,SODIUM DODECANOATE,222.3,25.0,0.0244,True,1.0970745749757114,-0.1501160069214156,-0.08596870335063181
236,CCCCCCCCCOS(=O)(=O)[O-].[Na+],4.810098040681143,,,,,<rdkit.Chem.rdchem.Mol object at 0x000001633A810BA0>,SODIUM NONYL 1-SULFATE,246.2,21.0,0.06458,True,0.994658884314621,-0.18462017293274177,-0.08968629147895316
237,CCCCCCCCOS(=O)(=O)[O-].[Na+],5.12466721769861,,,,,<rdkit.Chem.rdchem.Mol object at 0x000001633A813DF0>,SODIUM OCTYL 1 SULFATE,232.2,20.5,0.13325,True,0.9876922954734395,-0.17961302465554893,-0.08468632921712557
238,CCCCCCCCS(=O)(=O)[O-].[Na+],5.190331698170292,,,,,<rdkit.Chem.rdchem.Mol object at 0x000001633A811B60>,SODIUM OCTYL 1-SULFONATE,216.2,25.0,0.155,True,1.0778066865975056,-0.15800766968472238,-0.08242114152098326
239,CCCCCCCCCc1ccc(S(=O)(=O)[O-])cc1.[Na+],3.662757831681574,,,,,<rdkit.Chem.rdchem.Mol object at 0x000001633A813CA0>,SODIUM P-NONYL BENZENE SULFONATE,306.4,20.0,0.0046,True,1.068651996006128,-0.17658543037900234,-0.08827985604698523
240,CCCCCCCCCCCCCC(=O)[O-].[Na+],3.838849090737255,,,,,<rdkit.Chem.rdchem.Mol object at 0x000001633A813990>,SODIUM TETRADECANOATE,250.3,25.0,0.0069,True,1.0945455416409762,-0.1493457272395688,-0.08844738081879433
241,CCCCCCCCCCCCC(C)OS(=O)(=O)[O-].[Na+],3.514547752660286,,,,,<rdkit.Chem.rdchem.Mol object at 0x000001633A812C70>,SODIUM TETRADECYL 2 SULFATE,316.4,25.0,0.00327,True,1.0041506029625902,-0.1807579335051698,-0.05961373071784263
242,CCCCCCCCCCC(CCC)OS(=O)(=O)[O-].[Na+],3.709269960975831,,,,,<rdkit.Chem.rdchem.Mol object at 0x000001633A811C40>,SODIUM TETRADECYL 4 SULFATE,316.4,25.0,0.00512,True,0.9975622137632514,-0.18012946398660387,-0.05575425249064522
243,CCCCCCCCCCCOS(=O)(=O)[O-].[Na+],4.204119982655925,,,,,<rdkit.Chem.rdchem.Mol object at 0x000001633A813A00>,SODIUM UNDECYL 1-SULFATE,274.3,21.0,0.016,True,1.0019915065199518,-0.19010777477517524,-0.09694818285956969
244,CCCCCCCCCCCCOS(=O)(=O)[O-].C[N+](C)(C)C,3.7375901662857216,,,,,<rdkit.Chem.rdchem.Mol object at 0x000001633A8110E0>,TETRAMETHYL AMMONIUM DODECYL 1 SULFATE,339.5,25.0,0.0054649999999999,True,0.37324969595012314,1.6113145011529997,-0.06964062403336513
